time,latitude,longitude,depth,magType,nst,gap,dmin,rms,net,id,updated,place,type,horizontalError,depthError,magError,magNst,status,locationSource,magSource
,-4.7968,-81.441199,,,,,,,,,,,,,,,,,,
,-4.7687,-81.4429,,,,,,,,,,,,,,,,,,
,-4.7614,-81.4429,,,,,,,,,,,,,,,,,,
,-4.754,-81.4416,,,,,,,,,,,,,,,,,,
,-4.7462,-81.441199,,,,,,,,,,,,,,,,,,
,-4.7385,-81.4417,,,,,,,,,,,,,,,,,,
,-4.7311,-81.441899,,,,,,,,,,,,,,,,,,
,-4.7238,-81.4415,,,,,,,,,,,,,,,,,,
,-4.7097,-81.4377,,,,,,,,,,,,,,,,,,
,-4.7022,-81.434199,,,,,,,,,,,,,,,,,,
,-4.7055,-81.435499,,,,,,,,,,,,,,,,,,
,-4.7043,-81.4377,,,,,,,,,,,,,,,,,,
,-4.7009,-81.440699,,,,,,,,,,,,,,,,,,
,-4.7851,-81.4141,,,,,,,,,,,,,,,,,,
,-4.7936,-81.4119,,,,,,,,,,,,,,,,,,
,-4.7993,-81.407199,,,,,,,,,,,,,,,,,,
,-4.8047,-81.4028,,,,,,,,,,,,,,,,,,
,-4.8109,-81.399299,,,,,,,,,,,,,,,,,,
,-4.8178,-81.3971,,,,,,,,,,,,,,,,,,
,-4.8309,-81.395899,,,,,,,,,,,,,,,,,,
,-4.8275,-81.396799,,,,,,,,,,,,,,,,,,
,-4.8268,-81.400399,,,,,,,,,,,,,,,,,,
,-4.9691,-81.380499,,,,,,,,,,,,,,,,,,
,-4.9757,-81.377999,,,,,,,,,,,,,,,,,,
,-4.9825,-81.3766,,,,,,,,,,,,,,,,,,
,-4.9895,-81.377999,,,,,,,,,,,,,,,,,,
,-5.0026,-81.384099,,,,,,,,,,,,,,,,,,
,-5.0094,-81.386199,,,,,,,,,,,,,,,,,,
,-5.0235,-81.3863,,,,,,,,,,,,,,,,,,
,-5.03,-81.3847,,,,,,,,,,,,,,,,,,
,-5.0358,-81.3813,,,,,,,,,,,,,,,,,,
,-5.0352,-81.382,,,,,,,,,,,,,,,,,,
,-5.032,-81.3835,,,,,,,,,,,,,,,,,,
,-5.0281,-81.386199,,,,,,,,,,,,,,,,,,
,-5.0239,-81.388899,,,,,,,,,,,,,,,,,,
,-5.0368,-81.3779,,,,,,,,,,,,,,,,,,
,-5.0221,-81.3786,,,,,,,,,,,,,,,,,,
,-5.0003,-81.3741,,,,,,,,,,,,,,,,,,
,-4.9864,-81.3698,,,,,,,,,,,,,,,,,,
,-4.9553,-81.3801,,,,,,,,,,,,,,,,,,
,-4.9586,-81.3792,,,,,,,,,,,,,,,,,,
,-4.9567,-81.378899,,,,,,,,,,,,,,,,,,
,-4.9533,-81.3788,,,,,,,,,,,,,,,,,,
,-4.9567,-81.377599,,,,,,,,,,,,,,,,,,
,-4.9755,-81.3709,,,,,,,,,,,,,,,,,,
,-4.9819,-81.37,,,,,,,,,,,,,,,,,,
,-4.9886,-81.370499,,,,,,,,,,,,,,,,,,
,-4.9946,-81.3731,,,,,,,,,,,,,,,,,,
,-5.0007,-81.3756,,,,,,,,,,,,,,,,,,
,-5.0074,-81.3772,,,,,,,,,,,,,,,,,,
,-5.0138,-81.3791,,,,,,,,,,,,,,,,,,
,-5.0206,-81.3795,,,,,,,,,,,,,,,,,,
,-5.0272,-81.3795,,,,,,,,,,,,,,,,,,
,-5.034,-81.3788,,,,,,,,,,,,,,,,,,
,-5.034,-81.3788,,,,,,,,,,,,,,,,,,
,-5.0311,-81.3792,,,,,,,,,,,,,,,,,,
,-5.0274,-81.380299,,,,,,,,,,,,,,,,,,
,-5.0241,-81.380499,,,,,,,,,,,,,,,,,,
,-5.0222,-81.380299,,,,,,,,,,,,,,,,,,
,-5.0265,-81.3788,,,,,,,,,,,,,,,,,,
,-5.0118,-81.3788,,,,,,,,,,,,,,,,,,
,-5.0043,-81.3784,,,,,,,,,,,,,,,,,,
,-4.9897,-81.3766,,,,,,,,,,,,,,,,,,
,-4.9832,-81.373699,,,,,,,,,,,,,,,,,,
,-4.9756,-81.3738,,,,,,,,,,,,,,,,,,
,-4.9694,-81.377599,,,,,,,,,,,,,,,,,,
,-4.9631,-81.3813,,,,,,,,,,,,,,,,,,
,-4.9559,-81.3808,,,,,,,,,,,,,,,,,,
,-4.9489,-81.378499,,,,,,,,,,,,,,,,,,
,-4.9414,-81.378899,,,,,,,,,,,,,,,,,,
,-4.9328,-81.385699,,,,,,,,,,,,,,,,,,
,-4.9359,-81.3834,,,,,,,,,,,,,,,,,,
,-4.9339,-81.386,,,,,,,,,,,,,,,,,,
,-4.9323,-81.388199,,,,,,,,,,,,,,,,,,
,-4.9209,-81.400699,,,,,,,,,,,,,,,,,,
,-4.9334,-81.3901,,,,,,,,,,,,,,,,,,
,-4.9354,-81.382999,,,,,,,,,,,,,,,,,,
,-4.9408,-81.378699,,,,,,,,,,,,,,,,,,
,-4.9476,-81.3763,,,,,,,,,,,,,,,,,,
,-4.9545,-81.374399,,,,,,,,,,,,,,,,,,
,-4.9677,-81.3686,,,,,,,,,,,,,,,,,,
,-4.974,-81.3652,,,,,,,,,,,,,,,,,,
,-4.9801,-81.3616,,,,,,,,,,,,,,,,,,
,-4.9872,-81.3605,,,,,,,,,,,,,,,,,,
,-4.9942,-81.3614,,,,,,,,,,,,,,,,,,
,-5.0012,-81.3611,,,,,,,,,,,,,,,,,,
,-5.0081,-81.3602,,,,,,,,,,,,,,,,,,
,-5.0083,-81.3607,,,,,,,,,,,,,,,,,,
,-5.0058,-81.3621,,,,,,,,,,,,,,,,,,
,-5.0023,-81.365,,,,,,,,,,,,,,,,,,
,-5.0003,-81.3664,,,,,,,,,,,,,,,,,,
,-5.0486,-81.3878,,,,,,,,,,,,,,,,,,
,-5.0632,-81.390499,,,,,,,,,,,,,,,,,,
,-5.0702,-81.3911,,,,,,,,,,,,,,,,,,
,-5.0773,-81.390899,,,,,,,,,,,,,,,,,,
,-5.0917,-81.3922,,,,,,,,,,,,,,,,,,
,-5.1054,-81.3953,,,,,,,,,,,,,,,,,,
,-5.1123,-81.395199,,,,,,,,,,,,,,,,,,
,-5.1191,-81.395199,,,,,,,,,,,,,,,,,,
,-5.126,-81.3951,,,,,,,,,,,,,,,,,,
,-5.1328,-81.395199,,,,,,,,,,,,,,,,,,
,-5.1371,-81.3956,,,,,,,,,,,,,,,,,,
,-5.1334,-81.3967,,,,,,,,,,,,,,,,,,
,-5.131,-81.396999,,,,,,,,,,,,,,,,,,
,-5.1267,-81.3999,,,,,,,,,,,,,,,,,,
,-5.0432,-81.372599,,,,,,,,,,,,,,,,,,
,-5.0425,-81.372599,,,,,,,,,,,,,,,,,,
,-5.0416,-81.3729,,,,,,,,,,,,,,,,,,
,-5.0462,-81.3698,,,,,,,,,,,,,,,,,,
,-5.0296,-81.3718,,,,,,,,,,,,,,,,,,
,-5.0222,-81.372099,,,,,,,,,,,,,,,,,,
,-5.0149,-81.3727,,,,,,,,,,,,,,,,,,
,-5.0008,-81.373899,,,,,,,,,,,,,,,,,,
,-4.9936,-81.373899,,,,,,,,,,,,,,,,,,
,-4.9798,-81.3706,,,,,,,,,,,,,,,,,,
,-4.9728,-81.3729,,,,,,,,,,,,,,,,,,
,-4.967,-81.377599,,,,,,,,,,,,,,,,,,
,-4.9601,-81.3792,,,,,,,,,,,,,,,,,,
,-4.953,-81.379799,,,,,,,,,,,,,,,,,,
,-4.9513,-81.380499,,,,,,,,,,,,,,,,,,
,-4.9547,-81.379799,,,,,,,,,,,,,,,,,,
,-4.9524,-81.3817,,,,,,,,,,,,,,,,,,
,-4.9559,-81.3825,,,,,,,,,,,,,,,,,,
,-4.9663,-81.3806,,,,,,,,,,,,,,,,,,
,-4.9726,-81.376899,,,,,,,,,,,,,,,,,,
,-4.9786,-81.3734,,,,,,,,,,,,,,,,,,
,-4.9848,-81.3704,,,,,,,,,,,,,,,,,,
,-4.9919,-81.3704,,,,,,,,,,,,,,,,,,
,-4.9989,-81.3723,,,,,,,,,,,,,,,,,,
,-5.0057,-81.3748,,,,,,,,,,,,,,,,,,
,-5.0126,-81.377,,,,,,,,,,,,,,,,,,
,-5.0272,-81.3826,,,,,,,,,,,,,,,,,,
,-5.0261,-81.3844,,,,,,,,,,,,,,,,,,
,-5.0248,-81.386399,,,,,,,,,,,,,,,,,,
,-5.0438,-81.369899,,,,,,,,,,,,,,,,,,
,-5.0505,-81.368299,,,,,,,,,,,,,,,,,,
,-5.0573,-81.3664,,,,,,,,,,,,,,,,,,
,-5.0713,-81.366199,,,,,,,,,,,,,,,,,,
,-5.0782,-81.3664,,,,,,,,,,,,,,,,,,
,-5.0852,-81.3661,,,,,,,,,,,,,,,,,,
,-5.099,-81.364899,,,,,,,,,,,,,,,,,,
,-5.1059,-81.364899,,,,,,,,,,,,,,,,,,
,-5.113,-81.3652,,,,,,,,,,,,,,,,,,
,-5.1116,-81.3647,,,,,,,,,,,,,,,,,,
,-5.1105,-81.3657,,,,,,,,,,,,,,,,,,
,-5.1114,-81.367399,,,,,,,,,,,,,,,,,,
,-5.1104,-81.3682,,,,,,,,,,,,,,,,,,
,-4.790139,-81.445556,,,,,,,,,,,,,,,,,,
,-4.796528,-81.444722,,,,,,,,,,,,,,,,,,
,-4.793194,-81.439444,,,,,,,,,,,,,,,,,,
,-4.755139,-81.446389,,,,,,,,,,,,,,,,,,
,-4.747361,-81.445278,,,,,,,,,,,,,,,,,,
,-4.740139,-81.443056,,,,,,,,,,,,,,,,,,
,-4.732639,-81.441667,,,,,,,,,,,,,,,,,,
,-4.725139,-81.44,,,,,,,,,,,,,,,,,,
,-4.717361,-81.438056,,,,,,,,,,,,,,,,,,
,-4.709583,-81.436111,,,,,,,,,,,,,,,,,,
,-4.707917,-81.435556,,,,,,,,,,,,,,,,,,
,-4.706528,-81.438056,,,,,,,,,,,,,,,,,,
,-4.73875,-81.439167,,,,,,,,,,,,,,,,,,
,-4.746806,-81.438056,,,,,,,,,,,,,,,,,,
,-4.75375,-81.436389,,,,,,,,,,,,,,,,,,
,-4.760694,-81.434444,,,,,,,,,,,,,,,,,,
,-4.767361,-81.431944,,,,,,,,,,,,,,,,,,
,-4.769583,-81.431111,,,,,,,,,,,,,,,,,,
,-4.770417,-81.433333,,,,,,,,,,,,,,,,,,
,-4.993472,-81.380278,,,,,,,,,,,,,,,,,,
,-5.001528,-81.381111,,,,,,,,,,,,,,,,,,
,-5.007083,-81.386111,,,,,,,,,,,,,,,,,,
,-4.994028,-81.378333,,,,,,,,,,,,,,,,,,
,-4.977639,-81.378611,,,,,,,,,,,,,,,,,,
,-4.969583,-81.381389,,,,,,,,,,,,,,,,,,
,-4.961528,-81.383333,,,,,,,,,,,,,,,,,,
,-4.954306,-81.384444,,,,,,,,,,,,,,,,,,
,-4.955417,-81.385,,,,,,,,,,,,,,,,,,
,-4.951806,-81.385,,,,,,,,,,,,,,,,,,
,-4.969861,-81.377222,,,,,,,,,,,,,,,,,,
,-4.976806,-81.374722,,,,,,,,,,,,,,,,,,
,-4.983472,-81.373611,,,,,,,,,,,,,,,,,,
,-4.989306,-81.371667,,,,,,,,,,,,,,,,,,
,-4.994861,-81.378889,,,,,,,,,,,,,,,,,,
,-5.010139,-81.382222,,,,,,,,,,,,,,,,,,
,-5.017917,-81.383056,,,,,,,,,,,,,,,,,,
,-5.015972,-81.385278,,,,,,,,,,,,,,,,,,
,-5.01375,-81.385833,,,,,,,,,,,,,,,,,,
,-5.010972,-81.386667,,,,,,,,,,,,,,,,,,
,-5.00875,-81.388611,,,,,,,,,,,,,,,,,,
,-5.001528,-81.390833,,,,,,,,,,,,,,,,,,
,-5.005972,-81.390833,,,,,,,,,,,,,,,,,,
,-5.005139,-81.391111,,,,,,,,,,,,,,,,,,
,-5.005417,-81.39,,,,,,,,,,,,,,,,,,
,-4.999861,-81.394167,,,,,,,,,,,,,,,,,,
,-4.996528,-81.388333,,,,,,,,,,,,,,,,,,
,-5.002639,-81.388056,,,,,,,,,,,,,,,,,,
,-5.007639,-81.387778,,,,,,,,,,,,,,,,,,
,-5.004028,-81.391111,,,,,,,,,,,,,,,,,,
,-5.000417,-81.392778,,,,,,,,,,,,,,,,,,
,-5.004028,-81.389722,,,,,,,,,,,,,,,,,,
,-5.008472,-81.388611,,,,,,,,,,,,,,,,,,
,-5.012639,-81.384722,,,,,,,,,,,,,,,,,,
,-5.000139,-81.3925,,,,,,,,,,,,,,,,,,
,-4.998194,-81.394444,,,,,,,,,,,,,,,,,,
,-4.994583,-81.395,,,,,,,,,,,,,,,,,,
,-4.991528,-81.389722,,,,,,,,,,,,,,,,,,
,-4.993472,-81.384722,,,,,,,,,,,,,,,,,,
,-4.800139,-81.440556,,,,,,,,,,,,,,,,,,
,-4.799583,-81.441944,,,,,,,,,,,,,,,,,,
,-4.78625,-81.441667,,,,,,,,,,,,,,,,,,
,-4.752639,-81.440833,,,,,,,,,,,,,,,,,,
,-4.737083,-81.441667,,,,,,,,,,,,,,,,,,
,-4.729306,-81.441944,,,,,,,,,,,,,,,,,,
,-4.722083,-81.439722,,,,,,,,,,,,,,,,,,
,-4.714306,-81.438333,,,,,,,,,,,,,,,,,,
,-4.706528,-81.435833,,,,,,,,,,,,,,,,,,
,-4.699583,-81.433333,,,,,,,,,,,,,,,,,,
,-4.701806,-81.435278,,,,,,,,,,,,,,,,,,
,-4.699861,-81.437222,,,,,,,,,,,,,,,,,,
,-4.796806,-81.406111,,,,,,,,,,,,,,,,,,
,-4.805139,-81.404722,,,,,,,,,,,,,,,,,,
,-4.812917,-81.403611,,,,,,,,,,,,,,,,,,
,-4.818194,-81.403333,,,,,,,,,,,,,,,,,,
,-4.817361,-81.407222,,,,,,,,,,,,,,,,,,
,-4.880139,-81.421111,,,,,,,,,,,,,,,,,,
,-4.887639,-81.420278,,,,,,,,,,,,,,,,,,
,-4.895417,-81.419444,,,,,,,,,,,,,,,,,,
,-4.902639,-81.418056,,,,,,,,,,,,,,,,,,
,-4.908194,-81.4175,,,,,,,,,,,,,,,,,,
,-4.907917,-81.420278,,,,,,,,,,,,,,,,,,
,-4.900417,-81.418611,,,,,,,,,,,,,,,,,,
,-4.892361,-81.42,,,,,,,,,,,,,,,,,,
,-4.884306,-81.421389,,,,,,,,,,,,,,,,,,
,-4.85125,-81.422222,,,,,,,,,,,,,,,,,,
,-4.851806,-81.423333,,,,,,,,,,,,,,,,,,
,-4.84875,-81.425,,,,,,,,,,,,,,,,,,
,-4.880139,-81.419167,,,,,,,,,,,,,,,,,,
,-4.887639,-81.419167,,,,,,,,,,,,,,,,,,
,-4.895417,-81.418333,,,,,,,,,,,,,,,,,,
,-4.902917,-81.416389,,,,,,,,,,,,,,,,,,
,-4.910417,-81.414722,,,,,,,,,,,,,,,,,,
,-4.922639,-81.406944,,,,,,,,,,,,,,,,,,
,-4.919028,-81.405556,,,,,,,,,,,,,,,,,,
,-4.945139,-81.381944,,,,,,,,,,,,,,,,,,
,-4.952639,-81.381389,,,,,,,,,,,,,,,,,,
,-4.974028,-81.375278,,,,,,,,,,,,,,,,,,
,-4.977361,-81.373056,,,,,,,,,,,,,,,,,,
,-4.978472,-81.372778,,,,,,,,,,,,,,,,,,
,-4.946806,-81.373889,,,,,,,,,,,,,,,,,,
,-4.940139,-81.378056,,,,,,,,,,,,,,,,,,
,-4.934028,-81.383611,,,,,,,,,,,,,,,,,,
,-4.928194,-81.389167,,,,,,,,,,,,,,,,,,
,-4.922917,-81.393611,,,,,,,,,,,,,,,,,,
,-4.924028,-81.393333,,,,,,,,,,,,,,,,,,
,-4.8296,-81.4461,,,,,,,,,,,,,,,,,,
,-4.8286,-81.447099,,,,,,,,,,,,,,,,,,
,-4.8264,-81.4474,,,,,,,,,,,,,,,,,,
,-4.8244,-81.447499,,,,,,,,,,,,,,,,,,
,-4.8225,-81.447799,,,,,,,,,,,,,,,,,,
,-4.8206,-81.447999,,,,,,,,,,,,,,,,,,
,-4.8187,-81.447799,,,,,,,,,,,,,,,,,,
,-4.817,-81.447999,,,,,,,,,,,,,,,,,,
,-4.7989,-81.443199,,,,,,,,,,,,,,,,,,
,-4.7899,-81.445,,,,,,,,,,,,,,,,,,
,-4.7164,-81.437599,,,,,,,,,,,,,,,,,,
,-4.7077,-81.4354,,,,,,,,,,,,,,,,,,
,-4.7021,-81.4341,,,,,,,,,,,,,,,,,,
,-4.6994,-81.4332,,,,,,,,,,,,,,,,,,
,-4.6971,-81.4327,,,,,,,,,,,,,,,,,,
,-4.862,-81.4246,,,,,,,,,,,,,,,,,,
,-4.9003,-81.4157,,,,,,,,,,,,,,,,,,
,-4.9031,-81.414699,,,,,,,,,,,,,,,,,,
,-4.9039,-81.4132,,,,,,,,,,,,,,,,,,
,-5.0868,-81.394799,,,,,,,,,,,,,,,,,,
,-5.0835,-81.3981,,,,,,,,,,,,,,,,,,
,-5.0825,-81.4001,,,,,,,,,,,,,,,,,,
,-5.2135,-81.3928,,,,,,,,,,,,,,,,,,
,-5.2436,-81.392499,,,,,,,,,,,,,,,,,,
,-5.2525,-81.3929,,,,,,,,,,,,,,,,,,
,-5.262,-81.3937,,,,,,,,,,,,,,,,,,
,-3.6601,-81.0444,,,,,,,,,,,,,,,,,,
,-3.6594,-81.0445,,,,,,,,,,,,,,,,,,
,-3.6589,-81.0445,,,,,,,,,,,,,,,,,,
,-3.6583,-81.0446,,,,,,,,,,,,,,,,,,
,-3.6578,-81.0448,,,,,,,,,,,,,,,,,,
,-3.6184,-80.961799,,,,,,,,,,,,,,,,,,
,-3.6375,-80.961099,,,,,,,,,,,,,,,,,,
,-3.6456,-80.9624,,,,,,,,,,,,,,,,,,
,-3.6536,-80.9642,,,,,,,,,,,,,,,,,,
,-3.6608,-80.965199,,,,,,,,,,,,,,,,,,
,-3.6628,-80.9665,,,,,,,,,,,,,,,,,,
,-3.6661,-80.944,,,,,,,,,,,,,,,,,,
,-3.6482,-80.9356,,,,,,,,,,,,,,,,,,
,-3.6273,-80.932599,,,,,,,,,,,,,,,,,,
,-3.6254,-80.933299,,,,,,,,,,,,,,,,,,
,-3.6652,-80.8605,,,,,,,,,,,,,,,,,,
,-3.6464,-80.8525,,,,,,,,,,,,,,,,,,
,-3.6454,-80.852399,,,,,,,,,,,,,,,,,,
,-3.6608,-80.841299,,,,,,,,,,,,,,,,,,
,-3.6293,-80.831399,,,,,,,,,,,,,,,,,,
,-3.6279,-80.8337,,,,,,,,,,,,,,,,,,
,-3.5879,-80.831,,,,,,,,,,,,,,,,,,
,-3.585,-80.8335,,,,,,,,,,,,,,,,,,
,-3.6014,-80.8632,,,,,,,,,,,,,,,,,,
,-3.6024,-80.8645,,,,,,,,,,,,,,,,,,
,-3.604,-80.9107,,,,,,,,,,,,,,,,,,
,-3.6308,-80.925,,,,,,,,,,,,,,,,,,
,-3.6319,-80.926899,,,,,,,,,,,,,,,,,,
,-3.6305,-80.9547,,,,,,,,,,,,,,,,,,
,-3.6015,-80.951399,,,,,,,,,,,,,,,,,,
,-3.5911,-80.9499,,,,,,,,,,,,,,,,,,
,-3.5892,-80.9502,,,,,,,,,,,,,,,,,,
,-3.5855,-80.9485,,,,,,,,,,,,,,,,,,
,-3.5662,-80.9434,,,,,,,,,,,,,,,,,,
,-3.5588,-80.9416,,,,,,,,,,,,,,,,,,
,-3.5509,-80.9402,,,,,,,,,,,,,,,,,,
,-3.5443,-80.9393,,,,,,,,,,,,,,,,,,
,-3.5424,-80.9382,,,,,,,,,,,,,,,,,,
,-3.5404,-80.9377,,,,,,,,,,,,,,,,,,
,-3.521,-80.9418,,,,,,,,,,,,,,,,,,
,-3.4965,-80.9356,,,,,,,,,,,,,,,,,,
,-3.4944,-80.933699,,,,,,,,,,,,,,,,,,
,-3.4916,-80.932,,,,,,,,,,,,,,,,,,
,-3.5087,-80.913799,,,,,,,,,,,,,,,,,,
,-3.5105,-80.9144,,,,,,,,,,,,,,,,,,
,-3.5149,-80.9173,,,,,,,,,,,,,,,,,,
,-3.5345,-80.919699,,,,,,,,,,,,,,,,,,
,-3.5359,-80.9209,,,,,,,,,,,,,,,,,,
,-3.5553,-80.9712,,,,,,,,,,,,,,,,,,
,-3.5546,-80.9714,,,,,,,,,,,,,,,,,,
,-3.5535,-80.971299,,,,,,,,,,,,,,,,,,
,-3.5526,-80.9714,,,,,,,,,,,,,,,,,,
,-5.004,-81.502299,,,,,,,,,,,,,,,,,,
,-5.0026,-81.5029,,,,,,,,,,,,,,,,,,
,-5.0012,-81.5034,,,,,,,,,,,,,,,,,,
,-4.9999,-81.5036,,,,,,,,,,,,,,,,,,
,-4.9987,-81.5041,,,,,,,,,,,,,,,,,,
,-5.0016,-81.419699,,,,,,,,,,,,,,,,,,
,-5.0008,-81.419699,,,,,,,,,,,,,,,,,,
,-4.9999,-81.4194,,,,,,,,,,,,,,,,,,
,-4.9992,-81.419199,,,,,,,,,,,,,,,,,,
,-4.7858,-81.4465,,,,,,,,,,,,,,,,,,
,-4.7766,-81.4442,,,,,,,,,,,,,,,,,,
,-4.7221,-81.4399,,,,,,,,,,,,,,,,,,
,-4.7163,-81.4391,,,,,,,,,,,,,,,,,,
,-4.7146,-81.4395,,,,,,,,,,,,,,,,,,
,-4.7155,-81.440999,,,,,,,,,,,,,,,,,,
,-4.9221,-81.4137,,,,,,,,,,,,,,,,,,
,-4.9229,-81.4143,,,,,,,,,,,,,,,,,,
,-4.9976,-81.391799,,,,,,,,,,,,,,,,,,
,-5.0223,-81.4021,,,,,,,,,,,,,,,,,,
,-5.0258,-81.4037,,,,,,,,,,,,,,,,,,
,-5.0255,-81.406099,,,,,,,,,,,,,,,,,,
,-5.0676,-81.3684,,,,,,,,,,,,,,,,,,
,-5.0686,-81.3689,,,,,,,,,,,,,,,,,,
,-5.3075,-81.312599,,,,,,,,,,,,,,,,,,
,-5.3111,-81.3125,,,,,,,,,,,,,,,,,,
,-5.3125,-81.314,,,,,,,,,,,,,,,,,,
,-5.0856,-81.2726,,,,,,,,,,,,,,,,,,
,-5.0843,-81.2735,,,,,,,,,,,,,,,,,,
,-4.9622,-81.3852,,,,,,,,,,,,,,,,,,
,-4.9554,-81.3845,,,,,,,,,,,,,,,,,,
,-4.9694,-81.381199,,,,,,,,,,,,,,,,,,
,-4.9756,-81.378499,,,,,,,,,,,,,,,,,,
,-4.9822,-81.3768,,,,,,,,,,,,,,,,,,
,-4.9957,-81.3792,,,,,,,,,,,,,,,,,,
,-5.0022,-81.3815,,,,,,,,,,,,,,,,,,
,-5.0087,-81.3825,,,,,,,,,,,,,,,,,,
,-5.0154,-81.381399,,,,,,,,,,,,,,,,,,
,-5.0219,-81.381899,,,,,,,,,,,,,,,,,,
,-5.0282,-81.382999,,,,,,,,,,,,,,,,,,
,-5.0348,-81.3825,,,,,,,,,,,,,,,,,,
,-5.0412,-81.384999,,,,,,,,,,,,,,,,,,
,-5.0461,-81.386199,,,,,,,,,,,,,,,,,,
,-5.0425,-81.3847,,,,,,,,,,,,,,,,,,
,-5.0406,-81.387499,,,,,,,,,,,,,,,,,,
,-5.0376,-81.3903,,,,,,,,,,,,,,,,,,
,-5.0352,-81.392699,,,,,,,,,,,,,,,,,,
,-5.0327,-81.3953,,,,,,,,,,,,,,,,,,
,-5.0611,-81.382,,,,,,,,,,,,,,,,,,
,-5.0511,-81.3829,,,,,,,,,,,,,,,,,,
,-5.0468,-81.3861,,,,,,,,,,,,,,,,,,
,-5.0496,-81.3854,,,,,,,,,,,,,,,,,,
,-5.0515,-81.3834,,,,,,,,,,,,,,,,,,
,-5.047,-81.383699,,,,,,,,,,,,,,,,,,
,-5.0321,-81.382299,,,,,,,,,,,,,,,,,,
,-5.025,-81.3829,,,,,,,,,,,,,,,,,,
,-5.018,-81.3829,,,,,,,,,,,,,,,,,,
,-5.0109,-81.3822,,,,,,,,,,,,,,,,,,
,-5.0038,-81.3815,,,,,,,,,,,,,,,,,,
,-4.9965,-81.3824,,,,,,,,,,,,,,,,,,
,-4.9824,-81.382299,,,,,,,,,,,,,,,,,,
,-4.9761,-81.379799,,,,,,,,,,,,,,,,,,
,-4.9688,-81.3806,,,,,,,,,,,,,,,,,,
,-4.9619,-81.382799,,,,,,,,,,,,,,,,,,
,-4.9554,-81.3852,,,,,,,,,,,,,,,,,,
,-4.9527,-81.386,,,,,,,,,,,,,,,,,,
,-4.9562,-81.385899,,,,,,,,,,,,,,,,,,
,-4.9541,-81.387099,,,,,,,,,,,,,,,,,,
,-4.9513,-81.3766,,,,,,,,,,,,,,,,,,
,-4.9682,-81.374599,,,,,,,,,,,,,,,,,,
,-4.9741,-81.371199,,,,,,,,,,,,,,,,,,
,-4.9808,-81.3695,,,,,,,,,,,,,,,,,,
,-4.9878,-81.370299,,,,,,,,,,,,,,,,,,
,-5.0008,-81.3731,,,,,,,,,,,,,,,,,,
,-5.0074,-81.3738,,,,,,,,,,,,,,,,,,
,-5.014,-81.374,,,,,,,,,,,,,,,,,,
,-5.0205,-81.3752,,,,,,,,,,,,,,,,,,
,-5.0267,-81.377799,,,,,,,,,,,,,,,,,,
,-5.0332,-81.3788,,,,,,,,,,,,,,,,,,
,-5.0397,-81.3779,,,,,,,,,,,,,,,,,,
,-5.0497,-81.3806,,,,,,,,,,,,,,,,,,
,-5.0458,-81.3804,,,,,,,,,,,,,,,,,,
,-5.0418,-81.382299,,,,,,,,,,,,,,,,,,
,-5.0382,-81.3834,,,,,,,,,,,,,,,,,,
,-5.0344,-81.3797,,,,,,,,,,,,,,,,,,
,-5.0352,-81.380299,,,,,,,,,,,,,,,,,,
,-5.0444,-81.379,,,,,,,,,,,,,,,,,,
,-5.0509,-81.378499,,,,,,,,,,,,,,,,,,
,-5.0573,-81.3795,,,,,,,,,,,,,,,,,,
,-5.0632,-81.3827,,,,,,,,,,,,,,,,,,
,-5.0691,-81.384799,,,,,,,,,,,,,,,,,,
,-5.0752,-81.3829,,,,,,,,,,,,,,,,,,
,-5.0812,-81.3809,,,,,,,,,,,,,,,,,,
,-5.0876,-81.380499,,,,,,,,,,,,,,,,,,
,-5.0827,-81.3666,,,,,,,,,,,,,,,,,,
,-5.0759,-81.367599,,,,,,,,,,,,,,,,,,
,-5.078,-81.3688,,,,,,,,,,,,,,,,,,
,-5.0727,-81.370099,,,,,,,,,,,,,,,,,,
,-4.9525,-81.3811,,,,,,,,,,,,,,,,,,
,-4.9515,-81.3822,,,,,,,,,,,,,,,,,,
,-4.9433,-81.3801,,,,,,,,,,,,,,,,,,
,-4.9529,-81.3797,,,,,,,,,,,,,,,,,,
,-4.9598,-81.379599,,,,,,,,,,,,,,,,,,
,-4.9667,-81.3792,,,,,,,,,,,,,,,,,,
,-4.973,-81.3774,,,,,,,,,,,,,,,,,,
,-4.9795,-81.3763,,,,,,,,,,,,,,,,,,
,-4.9862,-81.3781,,,,,,,,,,,,,,,,,,
,-4.9968,-81.3852,,,,,,,,,,,,,,,,,,
,-5.0036,-81.3854,,,,,,,,,,,,,,,,,,
,-5.0098,-81.3834,,,,,,,,,,,,,,,,,,
,-5.016,-81.382099,,,,,,,,,,,,,,,,,,
,-5.022,-81.38,,,,,,,,,,,,,,,,,,
,-5.0283,-81.378499,,,,,,,,,,,,,,,,,,
,-5.035,-81.378899,,,,,,,,,,,,,,,,,,
,-5.0384,-81.380699,,,,,,,,,,,,,,,,,,
,-5.0345,-81.3797,,,,,,,,,,,,,,,,,,
,-5.0303,-81.3842,,,,,,,,,,,,,,,,,,
,-5.0262,-81.3877,,,,,,,,,,,,,,,,,,
,-5.025,-81.369199,,,,,,,,,,,,,,,,,,
,-5.0156,-81.3684,,,,,,,,,,,,,,,,,,
,-5.009,-81.3675,,,,,,,,,,,,,,,,,,
,-5.0024,-81.3664,,,,,,,,,,,,,,,,,,
,-4.9958,-81.365599,,,,,,,,,,,,,,,,,,
,-4.9892,-81.3655,,,,,,,,,,,,,,,,,,
,-4.9826,-81.365299,,,,,,,,,,,,,,,,,,
,-4.9761,-81.365799,,,,,,,,,,,,,,,,,,
,-4.9702,-81.369199,,,,,,,,,,,,,,,,,,
,-4.9637,-81.369199,,,,,,,,,,,,,,,,,,
,-4.9578,-81.366899,,,,,,,,,,,,,,,,,,
,-4.9516,-81.3648,,,,,,,,,,,,,,,,,,
,-4.9448,-81.3668,,,,,,,,,,,,,,,,,,
,-4.9433,-81.368699,,,,,,,,,,,,,,,,,,
,-4.946,-81.368299,,,,,,,,,,,,,,,,,,
,-4.9436,-81.3716,,,,,,,,,,,,,,,,,,
,-4.9844,-81.391799,,,,,,,,,,,,,,,,,,
,-4.9988,-81.3929,,,,,,,,,,,,,,,,,,
,-5.0049,-81.3958,,,,,,,,,,,,,,,,,,
,-5.0114,-81.3971,,,,,,,,,,,,,,,,,,
,-5.018,-81.397499,,,,,,,,,,,,,,,,,,
,-5.0244,-81.398599,,,,,,,,,,,,,,,,,,
,-5.0308,-81.399099,,,,,,,,,,,,,,,,,,
,-5.0364,-81.403799,,,,,,,,,,,,,,,,,,
,-5.0346,-81.403399,,,,,,,,,,,,,,,,,,
,-5.0317,-81.4022,,,,,,,,,,,,,,,,,,
,-5.0286,-81.4051,,,,,,,,,,,,,,,,,,
,-5.0218,-81.404499,,,,,,,,,,,,,,,,,,
,-5.068,-81.376199,,,,,,,,,,,,,,,,,,
,-5.0653,-81.377099,,,,,,,,,,,,,,,,,,
,-5.063,-81.378499,,,,,,,,,,,,,,,,,,
,-5.0604,-81.3799,,,,,,,,,,,,,,,,,,
,-5.0581,-81.3815,,,,,,,,,,,,,,,,,,
,-5.0557,-81.3834,,,,,,,,,,,,,,,,,,
,-5.0533,-81.384799,,,,,,,,,,,,,,,,,,
,-5.0496,-81.3806,,,,,,,,,,,,,,,,,,
,-5.0337,-81.3795,,,,,,,,,,,,,,,,,,
,-5.0274,-81.3802,,,,,,,,,,,,,,,,,,
,-5.0211,-81.380499,,,,,,,,,,,,,,,,,,
,-5.0149,-81.3808,,,,,,,,,,,,,,,,,,
,-5.0087,-81.3811,,,,,,,,,,,,,,,,,,
,-5.0026,-81.3801,,,,,,,,,,,,,,,,,,
,-4.9965,-81.379399,,,,,,,,,,,,,,,,,,
,-4.9905,-81.3781,,,,,,,,,,,,,,,,,,
,-4.9849,-81.3758,,,,,,,,,,,,,,,,,,
,-4.979,-81.374399,,,,,,,,,,,,,,,,,,
,-4.9728,-81.3756,,,,,,,,,,,,,,,,,,
,-4.9669,-81.3766,,,,,,,,,,,,,,,,,,
,-4.9611,-81.3767,,,,,,,,,,,,,,,,,,
,-4.9551,-81.377099,,,,,,,,,,,,,,,,,,
,-4.9492,-81.378699,,,,,,,,,,,,,,,,,,
,-4.9433,-81.3802,,,,,,,,,,,,,,,,,,
,-4.939,-81.3818,,,,,,,,,,,,,,,,,,
,-4.9419,-81.3799,,,,,,,,,,,,,,,,,,
,-4.9447,-81.379799,,,,,,,,,,,,,,,,,,
,-4.9427,-81.3826,,,,,,,,,,,,,,,,,,
,-4.9264,-81.3965,,,,,,,,,,,,,,,,,,
,-4.9319,-81.389,,,,,,,,,,,,,,,,,,
,-4.9354,-81.384,,,,,,,,,,,,,,,,,,
,-4.9406,-81.380499,,,,,,,,,,,,,,,,,,
,-4.9463,-81.3783,,,,,,,,,,,,,,,,,,
,-4.9522,-81.3768,,,,,,,,,,,,,,,,,,
,-4.9578,-81.375,,,,,,,,,,,,,,,,,,
,-4.9633,-81.3731,,,,,,,,,,,,,,,,,,
,-4.9685,-81.370799,,,,,,,,,,,,,,,,,,
,-4.9741,-81.369199,,,,,,,,,,,,,,,,,,
,-4.9799,-81.3686,,,,,,,,,,,,,,,,,,
,-4.9855,-81.3677,,,,,,,,,,,,,,,,,,
,-4.9911,-81.3666,,,,,,,,,,,,,,,,,,
,-4.9968,-81.3684,,,,,,,,,,,,,,,,,,
,-5.0023,-81.370299,,,,,,,,,,,,,,,,,,
,-5.0008,-81.37,,,,,,,,,,,,,,,,,,
,-4.9973,-81.369899,,,,,,,,,,,,,,,,,,
,-4.9945,-81.3718,,,,,,,,,,,,,,,,,,
,-5.045,-81.381199,,,,,,,,,,,,,,,,,,
,-5.0431,-81.3818,,,,,,,,,,,,,,,,,,
,-5.0538,-81.381599,,,,,,,,,,,,,,,,,,
,-5.0597,-81.3825,,,,,,,,,,,,,,,,,,
,-5.0654,-81.384099,,,,,,,,,,,,,,,,,,
,-5.0711,-81.385499,,,,,,,,,,,,,,,,,,
,-5.077,-81.3861,,,,,,,,,,,,,,,,,,
,-5.0826,-81.385899,,,,,,,,,,,,,,,,,,
,-5.0882,-81.3861,,,,,,,,,,,,,,,,,,
,-5.0851,-81.3868,,,,,,,,,,,,,,,,,,
,-5.0815,-81.3867,,,,,,,,,,,,,,,,,,
,-5.0773,-81.3888,,,,,,,,,,,,,,,,,,
,-4.0187,-81.119399,,,,,,,,,,,,,,,,,,
,-4.0185,-81.119399,,,,,,,,,,,,,,,,,,
,-4.0183,-81.1193,,,,,,,,,,,,,,,,,,
,-4.0184,-81.1191,,,,,,,,,,,,,,,,,,
,-4.018,-81.118499,,,,,,,,,,,,,,,,,,
,-4.018,-81.1177,,,,,,,,,,,,,,,,,,
,-4.018,-81.1171,,,,,,,,,,,,,,,,,,
,-4.0178,-81.116499,,,,,,,,,,,,,,,,,,
,-4.0176,-81.1164,,,,,,,,,,,,,,,,,,
,-4.0174,-81.1164,,,,,,,,,,,,,,,,,,
,-4.0172,-81.116499,,,,,,,,,,,,,,,,,,
,-4.0168,-81.1168,,,,,,,,,,,,,,,,,,
,-4.0164,-81.1171,,,,,,,,,,,,,,,,,,
,-4.0163,-81.1173,,,,,,,,,,,,,,,,,,
,-4.016,-81.1179,,,,,,,,,,,,,,,,,,
,-4.016,-81.1182,,,,,,,,,,,,,,,,,,
,-4.0157,-81.1186,,,,,,,,,,,,,,,,,,
,-4.0155,-81.1191,,,,,,,,,,,,,,,,,,
,-4.003,-81.111699,,,,,,,,,,,,,,,,,,
,-3.9852,-81.102399,,,,,,,,,,,,,,,,,,
,-3.9782,-81.100599,,,,,,,,,,,,,,,,,,
,-3.9712,-81.0994,,,,,,,,,,,,,,,,,,
,-3.9642,-81.098099,,,,,,,,,,,,,,,,,,
,-3.9691,-81.0996,,,,,,,,,,,,,,,,,,
,-3.9669,-81.100799,,,,,,,,,,,,,,,,,,
,-3.9714,-81.1107,,,,,,,,,,,,,,,,,,
,-3.9597,-81.108,,,,,,,,,,,,,,,,,,
,-3.9525,-81.1082,,,,,,,,,,,,,,,,,,
,-3.9451,-81.1095,,,,,,,,,,,,,,,,,,
,-3.9379,-81.1087,,,,,,,,,,,,,,,,,,
,-3.936,-81.108799,,,,,,,,,,,,,,,,,,
,-3.9399,-81.109699,,,,,,,,,,,,,,,,,,
,-3.9375,-81.1109,,,,,,,,,,,,,,,,,,
,-3.8823,-81.091999,,,,,,,,,,,,,,,,,,
,-3.8763,-81.0881,,,,,,,,,,,,,,,,,,
,-3.8711,-81.0838,,,,,,,,,,,,,,,,,,
,-3.8714,-81.0813,,,,,,,,,,,,,,,,,,
,-3.8522,-81.015899,,,,,,,,,,,,,,,,,,
,-3.8414,-81.0068,,,,,,,,,,,,,,,,,,
,-3.8359,-81.0024,,,,,,,,,,,,,,,,,,
,-3.8384,-81.0054,,,,,,,,,,,,,,,,,,
,-3.8367,-81.0038,,,,,,,,,,,,,,,,,,
,-3.8386,-80.966999,,,,,,,,,,,,,,,,,,
,-3.8341,-80.9596,,,,,,,,,,,,,,,,,,
,-3.8288,-80.9551,,,,,,,,,,,,,,,,,,
,-3.823,-80.951399,,,,,,,,,,,,,,,,,,
,-3.8173,-80.947499,,,,,,,,,,,,,,,,,,
,-3.8155,-80.949099,,,,,,,,,,,,,,,,,,
,-3.8159,-80.981699,,,,,,,,,,,,,,,,,,
,-3.7987,-80.981,,,,,,,,,,,,,,,,,,
,-3.7918,-80.979899,,,,,,,,,,,,,,,,,,
,-3.7784,-80.9748,,,,,,,,,,,,,,,,,,
,-3.777,-80.974699,,,,,,,,,,,,,,,,,,
,-3.7786,-80.9771,,,,,,,,,,,,,,,,,,
,-3.7487,-80.9954,,,,,,,,,,,,,,,,,,
,-3.7335,-80.983799,,,,,,,,,,,,,,,,,,
,-3.7273,-80.9802,,,,,,,,,,,,,,,,,,
,-3.7209,-80.9771,,,,,,,,,,,,,,,,,,
,-3.7149,-80.9737,,,,,,,,,,,,,,,,,,
,-3.7159,-80.9751,,,,,,,,,,,,,,,,,,
,-3.7187,-80.978099,,,,,,,,,,,,,,,,,,
,-3.7327,-80.964499,,,,,,,,,,,,,,,,,,
,-3.7219,-80.9545,,,,,,,,,,,,,,,,,,
,-3.7151,-80.953199,,,,,,,,,,,,,,,,,,
,-3.7084,-80.951799,,,,,,,,,,,,,,,,,,
,-3.7016,-80.9511,,,,,,,,,,,,,,,,,,
,-3.7049,-80.9528,,,,,,,,,,,,,,,,,,
,-3.706,-80.9554,,,,,,,,,,,,,,,,,,
,-3.7646,-80.995,,,,,,,,,,,,,,,,,,
,-3.7743,-81.002599,,,,,,,,,,,,,,,,,,
,-3.7857,-81.0108,,,,,,,,,,,,,,,,,,
,-3.7917,-81.0152,,,,,,,,,,,,,,,,,,
,-3.797,-81.020199,,,,,,,,,,,,,,,,,,
,-3.8022,-81.0244,,,,,,,,,,,,,,,,,,
,-3.7982,-81.0194,,,,,,,,,,,,,,,,,,
,-3.8004,-81.0195,,,,,,,,,,,,,,,,,,
,-4.0349,-81.179899,,,,,,,,,,,,,,,,,,
,-5.7622,-81.272699,,,,,,,,,,,,,,,,,,
,-5.7737,-81.272899,,,,,,,,,,,,,,,,,,
,-5.7807,-81.2726,,,,,,,,,,,,,,,,,,
,-5.7875,-81.2697,,,,,,,,,,,,,,,,,,
,-5.8012,-81.2663,,,,,,,,,,,,,,,,,,
,-5.8227,-81.267699,,,,,,,,,,,,,,,,,,
,-5.8213,-81.2678,,,,,,,,,,,,,,,,,,
,-5.8183,-81.269799,,,,,,,,,,,,,,,,,,
,-5.6372,-81.281099,,,,,,,,,,,,,,,,,,
,-5.63,-81.2819,,,,,,,,,,,,,,,,,,
,-5.6228,-81.2825,,,,,,,,,,,,,,,,,,
,-5.6154,-81.282899,,,,,,,,,,,,,,,,,,
,-5.6078,-81.284299,,,,,,,,,,,,,,,,,,
,-5.6011,-81.2866,,,,,,,,,,,,,,,,,,
,-5.5937,-81.2875,,,,,,,,,,,,,,,,,,
,-5.5865,-81.2859,,,,,,,,,,,,,,,,,,
,-5.58,-81.283399,,,,,,,,,,,,,,,,,,
,-5.5814,-81.2842,,,,,,,,,,,,,,,,,,
,-5.3901,-81.354199,,,,,,,,,,,,,,,,,,
,-5.3708,-81.3564,,,,,,,,,,,,,,,,,,
,-5.3638,-81.3564,,,,,,,,,,,,,,,,,,
,-5.3569,-81.3586,,,,,,,,,,,,,,,,,,
,-5.3506,-81.361899,,,,,,,,,,,,,,,,,,
,-5.3445,-81.3655,,,,,,,,,,,,,,,,,,
,-5.3382,-81.369199,,,,,,,,,,,,,,,,,,
,-5.3315,-81.371699,,,,,,,,,,,,,,,,,,
,-5.3361,-81.368499,,,,,,,,,,,,,,,,,,
,-5.3341,-81.3704,,,,,,,,,,,,,,,,,,
